response,predictor,spearman_rho,spearman_p,spearman_ci_low,spearman_ci_high,pearson_log1p_r,pearson_log1p_p,spearman_q_bh
ap,train_aug_windows,0.5440142077074743,1.6282381328747576e-06,0.35388872841605595,0.7038141196009491,0.5301476342349899,3.3265210980993603e-06,7.766493363462266e-06
ap,train_canonical_windows,0.573316056462462,3.2237049126278337e-07,0.3758047877307259,0.7243197010210197,0.5450997157531895,1.5375887697392318e-06,3.1165795661760763e-06
ap,train_aug_sound_ids,0.38707461086789047,0.0011108446805477455,0.16343555004383614,0.589772227058788,0.3860828700282132,0.001146901384303354,0.0016157740807967206
ap,train_canonical_sound_ids,0.4033490647732931,0.000648293295137726,0.18292943577343643,0.5928316757369647,0.3882704490079474,0.001068731081490592,0.0011525214135781796
ap,val_windows,0.44849190549914447,0.00012523043493671202,0.24468628568824205,0.6211545748076438,0.42857553831859974,0.00026611339465269947,0.00028624099414105604
ap,val_sound_ids,0.2706645224986288,0.025586884141215925,0.040864014404612216,0.49117807802718866,0.26778927358078003,0.027258284319966505,0.027292676417296987
ap,test_windows,0.5214087759537843,5.135456961970624e-06,0.2758442537604174,0.71946718731157,0.4850512100925241,2.764668920022233e-05,1.6433462278305997e-05
ap,test_sound_ids,0.34947313037194494,0.0034878684449068348,0.07603852680481682,0.5721281464164405,0.3307975883591323,0.005864113762107265,0.004292761162962258
ap_lift,train_aug_windows,0.5406545634899048,1.9416233408655666e-06,0.3430545626018585,0.6927512287139526,0.5244272354984489,4.426202298338769e-06,7.766493363462266e-06
ap_lift,train_canonical_windows,0.5700321094226477,3.8957244577200953e-07,0.38971592710142205,0.7158356114420158,0.5394773076804917,2.0642288479888565e-06,3.1165795661760763e-06
ap_lift,train_aug_sound_ids,0.38214128825741195,0.001300885945266686,0.15613995962482546,0.5703767443069592,0.3795653477394428,0.001411345565921041,0.0017345145936889146
ap_lift,train_canonical_sound_ids,0.3984751600432931,0.0007639434315211505,0.18951444134276182,0.5870586915814358,0.38161312232169087,0.0013228774957847512,0.0012223094904338409
ap_lift,val_windows,0.44328933818868016,0.0001531711477534732,0.2312969905559231,0.614129462598045,0.4224507333321975,0.0003324686844430401,0.0003063422955069464
ap_lift,val_sound_ids,0.2648087530456174,0.029087110264234276,0.026679060126010058,0.4927846035744017,0.2604876489393835,0.031920933149296976,0.029087110264234276
ap_lift,test_windows,0.5165454596680814,6.50558567943291e-06,0.2782728707270651,0.7119081861188501,0.4781572064620792,3.724964606979966e-05,1.734822847848776e-05
ap_lift,test_sound_ids,0.34459092705973604,0.00400732775367519,0.09116947851003866,0.5667121687534526,0.3234015823044128,0.007143076894123064,0.00457980314705736
