index,code,species,ap,test_prevalence,train_pos,val_pos,test_pos,train_aug_windows,train_aug_sound_ids,train_canonical_windows,train_canonical_sound_ids,val_windows,val_sound_ids,test_windows,test_sound_ids,ap_lift,train_augmentation_factor,test_positive_sound_ids,ap_ci_estimable,ap_ci_low,ap_ci_high,ap_ci_valid_bootstraps
0,AKLMEL,Akletos melanoceps,0.4108272878917642,0.0010812480691998,113,9,7,113,15,28,13,9,4,7,5,0.4097460398225644,4.035714285714286,5,True,0.0055138250306027365,0.8773433384797017,998
1,AMAAMA,Amazona amazonica,0.3802083333333333,0.0006178560395427,79,4,4,79,12,11,11,4,2,4,3,0.37959047729379064,7.181818181818182,3,True,0.12951488548235124,1.0,960
2,AMAFAR,Amazona farinosa,0.0679723502304147,0.0003089280197713,36,2,2,36,5,9,5,2,1,2,2,0.0676634222106434,4.0,2,True,0.02702702702702703,0.25,872
3,ARACAJ,Aramides cajaneus,0.3207595747880534,0.0012357120790855,43,2,8,43,5,13,5,2,1,8,2,0.3195238627089679,3.3076923076923075,2,True,0.09631670390106707,0.40846304306316455,872
4,ARAWED,Aratinga weddellii,0.5610205970139924,0.0021624961383997,184,11,14,184,23,46,22,11,8,14,7,0.5588581008755927,4.0,7,True,0.23433915659325494,0.770390708075672,999
5,ARRCON,Arremonops conirostris,0.2584033613445378,0.0003089280197713,38,12,2,38,8,12,8,12,1,2,2,0.2580944333247665,3.1666666666666665,2,True,0.007797359496124031,1.0,871
6,ATAPIL,Atalotriccus pilaris,0.8817490808747354,0.0041705282669138,302,33,27,302,12,101,12,33,2,27,4,0.8775785526078216,2.99009900990099,4,True,0.45028115159694104,0.9861111111111112,981
7,ATTSPA,Attila spadiceus,0.3961213389423989,0.0016991041087426,236,12,11,236,22,47,20,12,3,11,3,0.39442223483365635,5.0212765957446805,3,True,0.10793269230769231,0.6957196053698036,956
8,BROJUG,Brotogeris jugularis,0.6422186999809925,0.0021624961383997,145,18,14,145,9,49,9,18,4,14,3,0.6400562038425928,2.9591836734693877,3,True,0.5606487466781584,1.0,955
9,CACCEL,Cacicus cela,0.3467855764921349,0.0026258881680568,250,19,17,250,32,68,30,19,8,17,10,0.34415968832407806,3.676470588235294,10,True,0.10430657080804073,0.6244742927747878,1000
10,CAMGRI,Campylorhynchus griseus,0.1102545330486507,0.0006178560395427,42,5,4,42,6,12,6,5,2,4,3,0.109636677009108,3.5,3,True,0.023809523809523808,0.3333333333333333,955
11,COEFLA,Coereba flaveola,0.0481997677119628,0.0003089280197713,11,3,2,11,2,2,2,3,3,2,2,0.047890839692191496,5.5,2,True,0.019230769230769232,0.17717647058823507,873
12,COLCRI,Colinus cristatus,0.3098359772428755,0.0012357120790855,115,1,8,115,13,36,13,1,1,8,4,0.30860026516378997,3.1944444444444446,4,True,0.10459313606597138,0.9166666666666666,984
13,COLSQU,Columbina squammata,0.7945561836376136,0.002008032128514,180,11,13,180,16,58,16,11,3,13,3,0.7925481515090996,3.103448275862069,3,True,0.6441057713407943,1.0,942
14,CONLEU,Conirostrum leucogenys,0.6965277777777779,0.0012357120790855,32,4,8,32,5,10,5,4,2,8,2,0.6952920656986924,3.2,2,True,0.5022151932016575,1.0,860
15,CROANI,Crotophaga ani,0.002545272386715,0.0003089280197713,51,4,2,51,6,14,6,4,2,2,1,0.0022363443669437,3.642857142857143,1,False,,,0
16,CRYCIN,Crypturellus cinereus,0.4401946112572704,0.0088044485634847,683,60,57,683,96,191,91,60,24,57,24,0.43139016269378566,3.575916230366492,24,True,0.26185868811590635,0.6328407356251202,1000
17,CRYUND,Crypturellus undulatus,0.7243512567911404,0.0021624961383997,217,12,14,217,31,51,28,12,7,14,7,0.7221887606527407,4.254901960784314,7,True,0.258396879008853,1.0,1000
18,CYAAFF,Cyanocorax affinis,0.3333333333333333,0.0001544640098856,39,2,1,39,8,14,8,2,1,1,1,0.3331788693234477,2.7857142857142856,1,False,,,0
19,CYAVIO,Cyanocorax violaceus,0.7497513464143084,0.0177633611368551,1665,101,115,1665,157,447,155,101,37,115,42,0.7319879852774533,3.7248322147651005,42,True,0.6769725166995357,0.8294176638653412,1000
20,CYCGUJ,Cyclarhis gujanensis,0.0130454684162343,0.0003089280197713,43,10,2,43,6,11,6,10,3,2,1,0.012736540396463,3.909090909090909,1,False,,,0
21,DAPCHI,Daptrius  chimachima,0.444514841082217,0.0007723200494284,24,5,5,24,5,7,4,5,2,5,2,0.4437425210327886,3.4285714285714284,2,True,0.028911295911295914,0.7048379293662312,857
22,DENPIC,Dendroplex picus,0.4144682733684719,0.0012357120790855,77,8,8,77,11,25,10,8,3,8,4,0.4132325612893864,3.08,4,True,0.03854306049371718,0.7348333333333332,979
23,DRYLIN,Dryocopus lineatus,0.0151515151515151,0.0001544640098856,25,1,1,25,5,8,5,1,1,1,1,0.0149970511416295,3.125,1,False,,,0
24,EUPPER,Eupsittula pertinax,0.5714285714285714,0.0003089280197713,36,2,2,36,5,11,5,2,1,2,2,0.5711196434088001,3.272727272727273,2,True,0.06666666666666667,1.0,860
25,EUPTRI,Euphonia trinitatis,0.5791666666666666,0.0006178560395427,91,1,4,91,10,30,10,1,1,4,3,0.5785488106271239,3.033333333333333,3,True,0.2,1.0,944
26,FORSPE,Forpus spengeli,0.0510737628384687,0.000463392029657,32,6,3,32,6,11,6,6,2,3,2,0.0506103708088117,2.909090909090909,2,True,0.00646793001311485,0.8250000000000001,876
27,FURLEU,Furnarius leucopus,0.6281649831649831,0.0009267840593141,163,11,6,163,20,56,20,11,3,6,4,0.627238199105669,2.9107142857142856,4,True,0.41666666666666663,1.0,983
28,GLABRA,Glaucidium brasilianum,0.1478236617585135,0.0013901760889712,121,20,9,121,16,41,16,20,4,9,5,0.14643348566954228,2.951219512195122,5,True,0.03375377073906487,0.411863625190224,997
29,HYLFLA,Hylophilus flavipes,0.1600694444444444,0.000463392029657,27,1,3,27,5,9,5,1,1,3,1,0.1596060524147874,3.0,1,False,,,0
30,LEPRUF,Leptotila rufaxilla,0.5011904761904762,0.0006178560395427,34,4,4,34,3,5,3,4,2,4,2,0.5005726201509335,6.8,2,True,0.19642857142857142,1.0,872
31,LEPVER,Leptotila verreauxi,0.650605228105228,0.0015446400988569,265,8,10,265,13,94,13,8,4,10,2,0.6490605880063711,2.8191489361702127,2,True,0.6337867082152183,0.8333333333333333,849
32,MEGCHO,Megascops choliba,0.0693621052193013,0.0010812480691998,151,5,7,151,21,39,19,5,3,7,4,0.0682808571501015,3.871794871794872,4,True,0.002654810595631248,0.24146986672121873,990
33,MEGPIT,Megarynchus pitagua,0.6428571428571428,0.000463392029657,55,6,3,55,10,18,10,6,4,3,3,0.6423937508274858,3.0555555555555554,3,True,0.25,1.0,954
34,MELCRU,Melanerpes cruentats,0.0060834184875361,0.000463392029657,30,5,3,30,6,6,4,5,4,3,2,0.0056200264578791,5.0,2,True,0.0007460462219454145,0.026294880109549158,873
35,MESCAY,Mesembrinibis cayanensis,0.0007112375533428,0.0001544640098856,25,3,1,25,4,4,4,3,2,1,1,0.0005567735434571999,6.25,1,False,,,0
36,MYIGRA,Myiozetetes granadensis,0.0155929038281979,0.0003089280197713,38,1,2,38,6,10,6,1,1,2,2,0.015283975808426602,3.8,2,True,0.001220637122816816,0.05357142857142857,871
37,NYCALB,Nyctidromus albicollis,0.75,0.0003089280197713,193,8,2,193,11,61,10,8,1,2,1,0.7496910719802287,3.1639344262295084,1,False,,,0
38,ORTGAR,Ortalis garrula,0.8666666666666667,0.000463392029657,108,7,3,108,12,39,12,7,1,3,2,0.8662032746370097,2.769230769230769,2,True,0.3333333333333333,1.0,864
39,ORTGUT,Ortalis guttata,0.5869668502806485,0.002008032128514,290,7,13,290,35,59,29,7,6,13,8,0.5849588181521346,4.915254237288136,8,True,0.3274197849847596,0.8342959153426514,1000
40,ORTMAN,Orthopsittaca manilatus,0.5544157551588755,0.0026258881680568,163,11,17,163,19,41,19,11,8,17,9,0.5517898669908188,3.975609756097561,9,True,0.3011172414734491,0.7957193342180885,1000
41,PACPOL,Pachyramphus polychopterus,0.142114069721485,0.0010812480691998,142,5,7,142,23,34,21,5,3,7,6,0.1410328216522852,4.176470588235294,6,True,0.03227805085137008,0.5223769338959211,999
42,PATCAY,Patagioenas cayennensis,0.5938151078556159,0.0047883843064565,255,20,31,255,30,84,28,20,7,31,9,0.5890267235491594,3.0357142857142856,9,True,0.30971305088942974,0.7015820364994456,1000
43,PIOMEN,Pionus menstruus,0.0251380412670735,0.0003089280197713,20,3,2,20,4,5,4,3,2,2,1,0.0248291132473022,4.0,1,False,,,0
44,PITSUL,Pitangus sulphuratus,0.7542095722281336,0.0089589125733704,744,45,58,744,57,243,56,45,10,58,11,0.7452506596547631,3.0617283950617282,11,True,0.5492778703560599,0.9113097647423996,1000
45,PSAANG,Psarocolius angustifrons,0.4807210727344606,0.0094223046030274,866,59,61,866,75,231,73,59,22,61,23,0.4712987681314332,3.7489177489177488,23,True,0.2972820188385937,0.6596899409968825,1000
46,PSABIF,Psarocolius bifasciatus,0.1830601092896174,0.0003089280197713,43,1,2,43,8,9,7,1,1,2,2,0.1827511812698461,4.777777777777778,2,True,0.014011150234741783,1.0,866
47,QUEPUR,Querula purpurata,1.0,0.0001544640098856,72,1,1,72,12,13,9,1,1,1,1,0.9998455359901144,5.538461538461538,1,False,,,0
48,QUILUG,Quiscalus lugubris,0.4394326639037681,0.0013901760889712,163,11,9,163,12,54,12,11,2,9,4,0.43804248781479693,3.0185185185185186,4,True,0.0625,1.0,983
49,RAMCAR,Ramphocelus carbo,0.7401893511925344,0.0026258881680568,118,10,17,118,14,33,13,10,6,17,6,0.7375634630244776,3.5757575757575757,6,True,0.21880989380989382,0.9387007902271722,999
50,RAMTUC,Ramphastos tucanus,0.5124333955883409,0.0060240963855421,484,33,39,484,54,135,53,33,14,39,16,0.5064092992027988,3.585185185185185,16,True,0.32179936134962395,0.677352881795285,1000
51,RUPMAG,Rupornis magnirostris,0.4437809364569909,0.0038616002471424,454,16,25,454,58,111,52,16,9,25,13,0.4399193362098485,4.09009009009009,13,True,0.20741391484296176,0.7343582922656584,1000
52,SAKCAN,Sakesphorus canadensis,0.6206430155210643,0.0007723200494284,74,10,5,74,6,25,6,10,3,5,2,0.6198706954716359,2.96,2,True,0.019161980688088283,1.0,870
53,SALOLI,Saltator olivascens,0.3165715372907153,0.0009267840593141,88,17,6,88,12,29,12,17,4,6,4,0.3156447532314012,3.0344827586206895,4,True,0.02154255319148936,1.0,984
54,SCLNAE,Sclateria naevia,0.6775531245447869,0.0033982082174853,381,20,22,381,25,81,23,20,7,22,6,0.6741549163273016,4.703703703703703,6,True,0.2627430466876523,0.8774659646247128,999
55,SPOANG,Sporophila angolensis,0.5518272425249169,0.0009267840593141,164,14,6,164,17,44,17,14,4,6,3,0.5509004584656028,3.727272727272727,3,True,0.18582251082251083,1.0,953
56,SYNCAN,Synallaxis candei,0.5786761979634307,0.002008032128514,19,7,13,19,3,6,3,7,1,13,3,0.5766681658349168,3.1666666666666665,3,True,0.31198895774105667,0.8055555555555556,944
57,THREPI,Thraupis episcopus,0.4057098340692919,0.0026258881680568,189,12,17,189,17,66,17,12,3,17,5,0.4030839459012351,2.8636363636363638,5,True,0.032256916282739904,0.8193710857633826,999
58,THRPAL,Thraupis palmarum,0.2655273876636813,0.002008032128514,249,19,13,249,19,68,19,19,3,13,7,0.26351935553516725,3.661764705882353,7,True,0.05451716434957925,0.4606308839288861,999
59,TINGUT,Tinamus guttatus,0.1484805954279638,0.0007723200494284,85,2,5,85,12,20,11,2,2,5,3,0.1477082753785354,4.25,3,True,0.02857142857142857,0.41922113289760343,950
60,TOLFLA,Tolmomyias flaviventris,0.7630659425727508,0.0037071362372567,247,9,24,247,14,84,14,9,2,24,5,0.7593588063354941,2.9404761904761907,5,True,0.2348738422242227,0.9606565656565654,995
61,TOLVIR,Tolmomyias viridiceps,0.0843978868813305,0.0007723200494284,151,7,5,151,21,38,19,7,5,5,4,0.0836255668319021,3.973684210526316,4,True,0.003563740731882325,0.36612661891679754,976
62,TROAED,Troglodytes aedon,0.2211953395069485,0.0018535681186283,56,3,12,56,9,18,8,3,2,12,4,0.2193417713883202,3.111111111111111,4,True,0.04325420871866334,0.5555555555555556,980
63,TROVIR,Trogon viridis,0.1898293467942355,0.0009267840593141,79,5,6,79,14,22,12,5,3,6,4,0.1889025627349214,3.590909090909091,4,True,0.009413355087455487,1.0,989
64,TYRELA,Tyrannulus elatus,0.3357582921452899,0.0009267840593141,116,5,6,116,19,27,17,5,3,6,5,0.3348315080859758,4.296296296296297,5,True,0.031746031746031744,0.6210824545078574,994
65,TYRMEL,Tyrannus melancholicus,0.5803347979112095,0.0029348161878282,231,24,19,231,28,70,28,24,4,19,8,0.5773999817233813,3.3,8,True,0.31094136670937955,0.7573314204294309,1000
66,VANCHI,Vanellus chilensis,0.5780233405838469,0.0013901760889712,165,18,9,165,16,53,14,18,5,9,4,0.5766331644948757,3.1132075471698113,4,True,0.00215577695023456,0.9175324675324674,985
67,VOLJAC,Volatinia jacarina,0.0279857397504456,0.0003089280197713,27,2,2,27,7,11,7,2,1,2,1,0.0276768117306743,2.4545454545454546,1,False,,,0
