response,predictor,controls_test_rho,controls_test_p,controls_val_test_rho,controls_val_test_p,controls_test_q_bh,controls_val_test_q_bh
ap,train_aug_windows,0.24536647142761703,0.043718941106200906,0.22980085520450574,0.0594071814661309,0.10929735276550226,0.14851795366532725
ap,train_canonical_windows,0.3026740415487322,0.012114609694443437,0.295363069100785,0.014473392651363734,0.060573048472217186,0.07236696325681867
ap,train_aug_sound_ids,0.0024291584351121,0.9843146019615714,-0.026110169222595653,0.8326109251098326,0.9843146019615714,0.9308202441417068
ap,train_canonical_sound_ids,0.018892383915546724,0.8784646246279498,-0.010726170945323129,0.9308202441417068,0.9843146019615714,0.9308202441417068
ap,val_windows,0.08903501390191461,0.4702788868694904,0.08903501390191461,0.4702788868694904,0.7837981447824839,0.7837981447824839
ap_lift,train_aug_windows,0.2456167961996797,0.04349777066920637,0.23133331271510826,0.05768413742012197,0.10874442667301593,0.14421034355030493
ap_lift,train_canonical_windows,0.3028985673008251,0.012047777681919291,0.29705729952491006,0.013894168535416284,0.06023888840959646,0.06947084267708142
ap_lift,train_aug_sound_ids,0.00010224624189622989,0.9993397409796312,-0.027593926028554434,0.8232481796553829,0.9993397409796312,0.9223625347708528
ap_lift,train_canonical_sound_ids,0.01667762597790114,0.8926222753494018,-0.012041361839513473,0.9223625347708528,0.9993397409796312,0.9223625347708528
ap_lift,val_windows,0.08604645561522026,0.48536620049385726,0.08604645561522026,0.48536620049385726,0.808943667489762,0.808943667489762
