response,subset,n_species,predictor,spearman_rho,spearman_p,spearman_q_bh
ap,all,68,train_aug_windows,0.5440142077074743,1.6282381328747576e-06,1.6282381328747575e-05
ap,all,68,train_canonical_windows,0.573316056462462,3.2237049126278337e-07,6.447409825255667e-06
ap,all,68,train_aug_sound_ids,0.38707461086789047,0.0011108446805477455,0.0024685437345505455
ap,all,68,train_canonical_sound_ids,0.4033490647732931,0.000648293295137726,0.001620733237844315
ap,all,68,test_windows,0.5214087759537843,5.135456961970624e-06,3.423637974647082e-05
ap,test_pos_ge5,44,train_aug_windows,0.38660793551759887,0.009533570928215515,0.017333765324028208
ap,test_pos_ge5,44,train_canonical_windows,0.4330420116326063,0.0033235482011745535,0.006647096402349106
ap,test_pos_ge5,44,train_aug_sound_ids,0.07104311277795171,0.6467655993370913,0.6501578339912331
ap,test_pos_ge5,44,train_canonical_sound_ids,0.11264039472982285,0.46662356461785937,0.5832794557723242
ap,test_pos_ge5,44,test_windows,0.5103167559287963,0.00040169418963734404,0.0011476976846781259
ap,test_pos_ge10,25,train_aug_windows,0.09538461538461537,0.6501578339912331,0.6501578339912331
ap,test_pos_ge10,25,train_canonical_windows,0.20277031127714337,0.33100346681637594,0.44133795575516793
ap,test_pos_ge10,25,train_aug_sound_ids,-0.13315376472883314,0.5257419900455984,0.6041810449399788
ap,test_pos_ge10,25,train_canonical_sound_ids,-0.12745484052746114,0.543762940445981,0.6041810449399788
ap,test_pos_ge10,25,test_windows,0.22952333289668791,0.2697323640109781,0.38533194858711156
ap,test_positive_sound_ids_ge2,58,train_aug_windows,0.455420876665651,0.00032795486103339604,0.0010931828701113203
ap,test_positive_sound_ids_ge2,58,train_canonical_windows,0.5073226380659557,4.815852057128252e-05,0.00019263408228513008
ap,test_positive_sound_ids_ge2,58,train_aug_sound_ids,0.2564887301474815,0.05195755854928601,0.07993470546044001
ap,test_positive_sound_ids_ge2,58,train_canonical_sound_ids,0.29310605467543877,0.025553724315550842,0.04258954052591807
ap,test_positive_sound_ids_ge2,58,test_windows,0.5134466075417407,3.7604053064654356e-05,0.00018802026532327177
ap_lift,all,68,train_aug_windows,0.5406545634899048,1.9416233408655666e-06,1.9416233408655666e-05
ap_lift,all,68,train_canonical_windows,0.5700321094226477,3.8957244577200953e-07,7.791448915440191e-06
ap_lift,all,68,train_aug_sound_ids,0.38214128825741195,0.001300885945266686,0.002890857656148191
ap_lift,all,68,train_canonical_sound_ids,0.3984751600432931,0.0007639434315211505,0.0019098585788028762
ap_lift,all,68,test_windows,0.5165454596680814,6.50558567943291e-06,4.3370571196219406e-05
ap_lift,test_pos_ge5,44,train_aug_windows,0.37955947725839007,0.011049927568752525,0.020090777397731865
ap_lift,test_pos_ge5,44,train_canonical_windows,0.4265576585938368,0.0038848315465708125,0.007769663093141625
ap_lift,test_pos_ge5,44,train_aug_sound_ids,0.06250665136173308,0.6868890059203434,0.7092983704196518
ap_lift,test_pos_ge5,44,train_canonical_sound_ids,0.10417119211855796,0.5009883859633467,0.5566537621814963
ap_lift,test_pos_ge5,44,test_windows,0.5053004898799324,0.0004679561583492737,0.0013370175952836392
ap_lift,test_pos_ge10,25,train_aug_windows,0.07846153846153846,0.7092983704196518,0.7092983704196518
ap_lift,test_pos_ge10,25,train_canonical_windows,0.18584072172079746,0.3737798128828973,0.4983730838438631
ap_lift,test_pos_ge10,25,train_aug_sound_ids,-0.14739275113047137,0.4820004806556554,0.5566537621814963
ap_lift,test_pos_ge10,25,train_canonical_sound_ids,-0.14247217823311367,0.49690397117791274,0.5566537621814963
ap_lift,test_pos_ge10,25,test_windows,0.21986325996332562,0.2909562495677347,0.41565178509676387
ap_lift,test_positive_sound_ids_ge2,58,train_aug_windows,0.4511137144192692,0.00037945702030580216,0.001264856734352674
ap_lift,test_positive_sound_ids_ge2,58,train_canonical_windows,0.5030767454070254,5.701196602356492e-05,0.00022804786409425965
ap_lift,test_positive_sound_ids_ge2,58,train_aug_sound_ids,0.25088208243107013,0.05748936316418299,0.08844517409874306
ap_lift,test_positive_sound_ids_ge2,58,train_canonical_sound_ids,0.28753158836291864,0.02862948696915337,0.04771581161525562
ap_lift,test_positive_sound_ids_ge2,58,test_windows,0.5090700292194567,4.4897942112943066e-05,0.00022448971056471533
